product_name,Negative,Neutral,Positive,total_reviews,pct_positive,pct_negative
B007JFMH8M,0,1,18,19,94.73684210526315,0.0
B001RVFEP2,3,1,11,15,73.33333333333333,20.0
B000VK8AVK,0,1,13,14,92.85714285714286,0.0
B000PDWBKO,0,2,12,14,85.71428571428571,0.0
B0007A0AQW,0,2,11,13,84.61538461538461,0.0
